Date,Category,Region,Units,Price,Discount,Revenue,Month,MonthNum
2023-01-01 17:30:25.250501,Sports,South,40,156.43,15,5318.620000000001,Jan,1
2023-01-01 17:30:25.250501,Sports,South,5,163.01,15,692.7924999999999,Jan,1
2023-01-01 17:30:25.250501,Sports,South,46,92.54,10,3831.1560000000004,Jan,1
2023-01-03 04:31:15.751503,Sports,South,22,255.56,0,5622.32,Jan,1
2023-01-03 22:01:41.002004,Sports,South,25,172.14,15,3657.975,Jan,1
2023-01-04 15:32:06.252505,Electronics,South,10,21.22,10,190.98,Jan,1
2023-01-06 20:03:22.004008,Sports,West,28,144.52,15,3439.5760000000005,Jan,1
2023-01-06 20:03:22.004008,Groceries,East,2,257.37,15,437.529,Jan,1
2023-01-09 18:05:03.006012,Sports,West,35,347.22,15,10329.795,Jan,1
2023-01-10 11:35:28.256513,Sports,East,6,390.14,15,1989.7140000000002,Jan,1
2023-01-11 05:05:53.507014,Sports,West,32,186.03,5,5655.312,Jan,1
2023-01-11 05:05:53.507014,Furniture,North,45,213.79,0,9620.55,Jan,1
2023-01-12 16:06:44.008016,Furniture,South,36,340.41,5,11642.021999999999,Jan,1
2023-01-13 09:37:09.258517,Sports,South,46,301.2,5,13162.439999999999,Jan,1
2023-01-15 14:08:25.010020,Clothing,West,26,81.5,5,2013.05,Jan,1
2023-01-15 14:08:25.010020,Electronics,North,33,455.67,10,13533.399000000001,Jan,1
2023-01-16 07:38:50.260521,Electronics,North,44,236.43,5,9882.774,Jan,1
2023-01-16 07:38:50.260521,Groceries,South,49,135.95,15,5662.317499999999,Jan,1
2023-01-19 23:10:56.513026,Groceries,South,6,196.65,15,1002.9150000000001,Jan,1
2023-01-20 16:41:21.763527,Clothing,East,43,80.34,5,3281.889,Jan,1
2023-01-20 16:41:21.763527,Furniture,West,34,261.52,0,8891.68,Jan,1
2023-01-21 10:11:47.014028,Furniture,North,30,60.62,5,1727.6699999999998,Jan,1
2023-01-24 08:13:28.016032,Sports,South,17,224.21,5,3620.9915,Jan,1
2023-01-24 08:13:28.016032,Furniture,North,12,487.34,5,5555.6759999999995,Jan,1
2023-01-25 19:14:18.517034,Electronics,East,17,14.42,5,232.88299999999998,Jan,1
2023-01-25 19:14:18.517034,Electronics,South,4,204.62,10,736.6320000000001,Jan,1
2023-01-25 19:14:18.517034,Furniture,East,42,338.49,20,11373.264000000001,Jan,1
2023-01-26 12:44:43.767535,Groceries,West,39,296.49,0,11563.11,Jan,1
2023-01-27 06:15:09.018036,Groceries,East,48,38.64,0,1854.72,Jan,1
2023-01-27 06:15:09.018036,Groceries,North,18,290.79,10,4710.798000000001,Jan,1
2023-01-27 23:45:34.268537,Electronics,East,40,308.16,5,11710.08,Jan,1
2023-01-28 17:15:59.519038,Electronics,South,11,398.93,15,3729.9955000000004,Jan,1
2023-01-30 04:16:50.020040,Electronics,South,38,208.6,5,7530.46,Jan,1
2023-01-30 04:16:50.020040,Groceries,North,43,95.35,0,4100.05,Jan,1
2023-01-30 21:47:15.270541,Groceries,West,16,306.71,20,3925.888,Jan,1
2023-02-01 08:48:05.771543,Sports,East,28,394.08,15,9379.104,Feb,2
2023-02-01 08:48:05.771543,Electronics,North,26,369.12,20,7677.696000000001,Feb,2
2023-02-02 02:18:31.022044,Sports,West,44,265.65,0,11688.599999999999,Feb,2
2023-02-02 19:48:56.272545,Sports,West,22,411.18,10,8141.364000000001,Feb,2
2023-02-04 06:49:46.773547,Furniture,West,10,57.72,0,577.2,Feb,2
2023-02-05 00:20:12.024048,Electronics,South,32,317.7,0,10166.4,Feb,2
2023-02-05 00:20:12.024048,Furniture,North,24,131.29,20,2520.768,Feb,2
2023-02-05 17:50:37.274549,Electronics,North,31,301.44,5,8877.408,Feb,2
2023-02-06 11:21:02.525050,Furniture,West,2,203.82,10,366.876,Feb,2
2023-02-06 11:21:02.525050,Furniture,South,24,40.92,0,982.08,Feb,2
2023-02-07 04:51:27.775551,Electronics,East,14,274.55,20,3074.9600000000005,Feb,2
2023-02-07 04:51:27.775551,Groceries,East,30,328.05,5,9349.425,Feb,2
2023-02-07 22:21:53.026052,Clothing,South,39,261.52,0,10199.279999999999,Feb,2
2023-02-07 22:21:53.026052,Furniture,East,22,275.81,15,5157.647,Feb,2
2023-02-07 22:21:53.026052,Electronics,South,36,442.44,5,15131.448,Feb,2
2023-02-08 15:52:18.276553,Sports,South,15,255.22,0,3828.3,Feb,2
2023-02-08 15:52:18.276553,Groceries,South,17,427.21,0,7262.57,Feb,2
2023-02-08 15:52:18.276553,Clothing,East,40,305.58,5,11612.039999999999,Feb,2
2023-02-08 15:52:18.276553,Furniture,South,12,474.2,5,5405.879999999999,Feb,2
2023-02-09 09:22:43.527054,Clothing,North,25,363.72,15,7729.05,Feb,2
2023-02-11 13:53:59.278557,Electronics,West,35,10.16,20,284.48,Feb,2
2023-02-12 07:24:24.529058,Electronics,South,10,120.51,5,1144.845,Feb,2
2023-02-13 00:54:49.779559,Sports,South,38,272.33,0,10348.539999999999,Feb,2
2023-02-14 11:55:40.280561,Sports,North,47,300.53,15,12006.173499999997,Feb,2
2023-02-14 11:55:40.280561,Groceries,South,45,177.9,5,7605.224999999999,Feb,2
2023-02-15 05:26:05.531062,Sports,North,26,355.64,10,8321.976,Feb,2
2023-02-15 05:26:05.531062,Sports,East,25,307.03,5,7291.962499999999,Feb,2
2023-02-16 16:26:56.032064,Electronics,North,34,318.09,5,10274.306999999999,Feb,2
2023-02-17 09:57:21.282565,Clothing,East,24,294.25,5,6708.9,Feb,2
2023-02-18 20:58:11.783567,Furniture,West,10,321.13,15,2729.605,Feb,2
2023-02-21 18:59:52.785571,Electronics,East,10,25.34,0,253.4,Feb,2
2023-02-23 23:31:08.537074,Groceries,North,45,326.19,20,11742.84,Feb,2
2023-02-28 08:33:40.040080,Clothing,North,25,227.77,5,5409.537499999999,Feb,2
2023-02-28 08:33:40.040080,Groceries,South,21,70.87,5,1413.8564999999999,Feb,2
2023-02-28 08:33:40.040080,Groceries,South,42,330.95,15,11814.914999999999,Feb,2
2023-03-04 00:05:46.292585,Sports,South,14,168.33,10,2120.9580000000005,Mar,3
2023-03-05 11:06:36.793587,Electronics,East,29,364.97,15,8996.5105,Mar,3
2023-03-06 04:37:02.044088,Electronics,West,37,113.07,0,4183.59,Mar,3
2023-03-08 09:08:17.795591,Sports,West,34,185.32,0,6300.88,Mar,3
2023-03-10 13:39:33.547094,Electronics,East,35,78.21,15,2326.7475,Mar,3
2023-03-11 07:09:58.797595,Furniture,East,15,26.75,20,321.0,Mar,3
2023-03-11 07:09:58.797595,Clothing,West,47,463.58,15,18520.020999999997,Mar,3
2023-03-12 00:40:24.048096,Clothing,East,10,414.39,15,3522.3149999999996,Mar,3
2023-03-12 00:40:24.048096,Furniture,East,47,53.92,10,2280.8160000000003,Mar,3
2023-03-12 18:10:49.298597,Furniture,North,41,312.5,10,11531.25,Mar,3
2023-03-13 11:41:14.549098,Furniture,North,24,56.68,15,1156.272,Mar,3
2023-03-13 11:41:14.549098,Groceries,East,12,450.15,20,4321.44,Mar,3
2023-03-13 11:41:14.549098,Electronics,East,13,341.16,0,4435.08,Mar,3
2023-03-13 11:41:14.549098,Sports,East,13,142.86,15,1578.6030000000003,Mar,3
2023-03-13 11:41:14.549098,Clothing,East,1,85.36,10,76.824,Mar,3
2023-03-13 11:41:14.549098,Electronics,North,40,385.66,10,13883.760000000002,Mar,3
2023-03-14 05:11:39.799599,Furniture,West,2,108.18,20,173.08800000000002,Mar,3
2023-03-14 22:42:05.050100,Electronics,South,4,278.76,10,1003.536,Mar,3
2023-03-14 22:42:05.050100,Clothing,North,16,204.36,0,3269.76,Mar,3
2023-03-16 09:42:55.551102,Groceries,South,23,430.11,15,8408.6505,Mar,3
2023-03-16 09:42:55.551102,Clothing,North,14,388.68,0,5441.52,Mar,3
2023-03-17 03:13:20.801603,Furniture,South,16,312.41,20,3998.8480000000004,Mar,3
2023-03-18 14:14:11.302605,Sports,West,45,316.4,10,12814.199999999999,Mar,3
2023-03-19 07:44:36.553106,Clothing,South,7,481.99,20,2699.1440000000002,Mar,3
2023-03-20 01:15:01.803607,Furniture,North,40,470.51,0,18820.4,Mar,3
2023-03-22 23:16:42.805611,Electronics,West,24,435.94,20,8370.048,Mar,3
2023-03-22 23:16:42.805611,Electronics,North,48,44.27,0,2124.96,Mar,3
2023-03-23 16:47:08.056112,Electronics,East,18,302.28,20,4352.831999999999,Mar,3
2023-03-23 16:47:08.056112,Groceries,North,33,301.92,5,9465.192000000001,Mar,3
2023-03-23 16:47:08.056112,Electronics,West,30,196.41,0,5892.3,Mar,3
2023-03-23 16:47:08.056112,Furniture,West,39,165.43,5,6129.1815,Mar,3
2023-03-23 16:47:08.056112,Sports,East,1,297.66,15,253.01100000000002,Mar,3
2023-03-24 10:17:33.306613,Electronics,West,29,286.58,10,7479.738,Mar,3
2023-03-25 21:18:23.807615,Groceries,West,44,65.42,10,2590.632,Mar,3
2023-03-25 21:18:23.807615,Clothing,South,11,476.87,5,4983.291499999999,Mar,3
2023-03-25 21:18:23.807615,Clothing,West,13,139.8,5,1726.53,Mar,3
2023-03-28 19:20:04.809619,Furniture,West,34,175.24,15,5064.436,Mar,3
2023-03-29 12:50:30.060120,Sports,South,42,386.57,10,14612.346000000001,Mar,3
2023-03-30 06:20:55.310621,Sports,East,21,482.62,0,10135.02,Mar,3
2023-03-30 23:51:20.561122,Furniture,West,29,477.78,5,13162.838999999998,Mar,3
2023-03-31 17:21:45.811623,Electronics,North,49,205.95,10,9082.395,Mar,3
2023-04-02 04:22:36.312625,Furniture,East,43,83.01,10,3212.4870000000005,Apr,4
2023-04-03 15:23:26.813627,Furniture,West,34,69.8,10,2135.88,Apr,4
2023-04-03 15:23:26.813627,Furniture,North,29,261.52,20,6067.264,Apr,4
2023-04-03 15:23:26.813627,Electronics,East,34,300.83,0,10228.22,Apr,4
2023-04-03 15:23:26.813627,Sports,West,49,124.94,5,5815.956999999999,Apr,4
2023-04-04 08:53:52.064128,Sports,South,9,261.86,0,2356.7400000000002,Apr,4
2023-04-04 08:53:52.064128,Groceries,West,28,186.78,15,4445.364,Apr,4
2023-04-05 02:24:17.314629,Sports,South,15,324.86,20,3898.3200000000006,Apr,4
2023-04-05 02:24:17.314629,Electronics,West,6,268.05,10,1447.4700000000003,Apr,4
2023-04-05 19:54:42.565130,Furniture,South,32,17.75,15,482.8,Apr,4
2023-04-05 19:54:42.565130,Furniture,South,25,443.02,20,8860.4,Apr,4
2023-04-05 19:54:42.565130,Groceries,East,22,476.8,15,8916.16,Apr,4
2023-04-05 19:54:42.565130,Furniture,East,5,285.75,15,1214.4375,Apr,4
2023-04-08 00:25:58.316633,Groceries,West,3,71.61,10,193.34699999999998,Apr,4
2023-04-08 17:56:23.567134,Clothing,East,12,319.94,5,3647.316,Apr,4
2023-04-08 17:56:23.567134,Electronics,South,2,490.81,0,981.62,Apr,4
2023-04-08 17:56:23.567134,Furniture,North,4,377.09,15,1282.106,Apr,4
2023-04-09 11:26:48.817635,Furniture,East,17,24.4,0,414.79999999999995,Apr,4
2023-04-10 04:57:14.068136,Furniture,South,18,180.8,10,2928.96,Apr,4
2023-04-11 15:58:04.569138,Groceries,North,43,302.88,5,12372.648,Apr,4
2023-04-12 09:28:29.819639,Clothing,East,6,135.87,5,774.459,Apr,4
2023-04-14 13:59:45.571142,Furniture,South,18,98.21,20,1414.2240000000002,Apr,4
2023-04-15 07:30:10.821643,Electronics,West,5,294.66,0,1473.3000000000002,Apr,4
2023-04-15 07:30:10.821643,Sports,East,11,84.96,5,887.8319999999999,Apr,4
2023-04-17 12:01:26.573146,Groceries,West,17,226.93,10,3472.029,Apr,4
2023-04-17 12:01:26.573146,Sports,North,38,52.65,5,1900.665,Apr,4
2023-04-17 12:01:26.573146,Sports,West,29,201.61,5,5554.355500000001,Apr,4
2023-04-18 05:31:51.823647,Electronics,South,13,409.72,20,4261.088000000001,Apr,4
2023-04-18 05:31:51.823647,Furniture,North,35,401.89,10,12659.535,Apr,4
2023-04-19 16:32:42.324649,Sports,South,20,241.05,5,4579.95,Apr,4
2023-04-20 10:03:07.575150,Electronics,North,12,368.66,20,3539.1360000000004,Apr,4
2023-04-20 10:03:07.575150,Electronics,North,2,379.58,0,759.16,Apr,4
2023-04-21 03:33:32.825651,Clothing,West,49,54.34,15,2263.2610000000004,Apr,4
2023-04-21 03:33:32.825651,Electronics,West,47,360.31,15,14394.3845,Apr,4
2023-04-21 03:33:32.825651,Electronics,North,3,411.17,5,1171.8345,Apr,4
2023-04-21 21:03:58.076152,Clothing,North,43,300.48,0,12920.640000000001,Apr,4
2023-04-24 19:05:39.078156,Sports,East,17,480.78,0,8173.259999999999,Apr,4
2023-04-25 12:36:04.328657,Groceries,South,17,433.7,10,6635.61,Apr,4
2023-04-25 12:36:04.328657,Electronics,East,17,79.23,15,1144.8735000000001,Apr,4
2023-04-26 23:36:54.829659,Electronics,North,13,79.47,20,826.4879999999999,Apr,4
2023-04-26 23:36:54.829659,Furniture,East,18,204.72,20,2947.9680000000003,Apr,4
2023-04-26 23:36:54.829659,Sports,North,44,384.94,0,16937.36,Apr,4
2023-04-26 23:36:54.829659,Electronics,South,11,279.21,0,3071.31,Apr,4
2023-04-27 17:07:20.080160,Sports,North,30,456.8,10,12333.6,Apr,4
2023-04-27 17:07:20.080160,Groceries,North,11,123.95,10,1227.105,Apr,4
2023-04-27 17:07:20.080160,Electronics,North,42,481.22,5,19200.678,Apr,4
2023-04-27 17:07:20.080160,Clothing,South,40,453.71,0,18148.399999999998,Apr,4
2023-04-28 10:37:45.330661,Clothing,North,46,245.64,0,11299.439999999999,Apr,4
2023-04-29 04:08:10.581162,Groceries,East,5,497.79,0,2488.9500000000003,Apr,4
2023-04-29 04:08:10.581162,Clothing,West,39,149.09,10,5233.059,Apr,4
2023-04-30 15:09:01.082164,Groceries,North,32,306.43,20,7844.608,Apr,4
2023-05-02 02:09:51.583166,Sports,East,45,289.74,15,11082.555,May,5
2023-05-03 13:10:42.084168,Furniture,North,31,294.43,20,7301.8640000000005,May,5
2023-05-04 06:41:07.334669,Sports,East,30,88.8,5,2530.7999999999997,May,5
2023-05-04 06:41:07.334669,Clothing,East,35,134.57,10,4238.955,May,5
2023-05-05 00:11:32.585170,Electronics,South,31,53.39,5,1572.3355,May,5
2023-05-05 17:41:57.835671,Clothing,North,19,329.54,10,5635.134,May,5
2023-05-05 17:41:57.835671,Clothing,North,29,378.69,15,9334.7085,May,5
2023-05-05 17:41:57.835671,Clothing,West,4,270.92,15,921.128,May,5
2023-05-05 17:41:57.835671,Electronics,North,46,243.58,15,9523.978,May,5
2023-05-07 04:42:48.336673,Clothing,East,39,188.75,20,5889.0,May,5
2023-05-07 22:13:13.587174,Furniture,South,9,237.65,15,1818.0224999999998,May,5
2023-05-08 15:43:38.837675,Sports,North,39,19.81,0,772.5899999999999,May,5
2023-05-10 20:14:54.589178,Furniture,East,23,393.08,5,8588.797999999999,May,5
2023-05-11 13:45:19.839679,Furniture,East,25,440.17,20,8803.4,May,5
2023-05-12 07:15:45.090180,Electronics,East,36,307.12,0,11056.32,May,5
2023-05-14 11:47:00.841683,Furniture,East,20,44.93,0,898.6,May,5
2023-05-16 16:18:16.593186,Furniture,West,48,17.19,20,660.0960000000001,May,5
2023-05-16 16:18:16.593186,Electronics,East,39,346.12,0,13498.68,May,5
2023-05-16 16:18:16.593186,Electronics,South,9,488.6,20,3517.9200000000005,May,5
2023-05-17 09:48:41.843687,Electronics,West,20,215.02,20,3440.3200000000006,May,5
2023-05-17 09:48:41.843687,Sports,North,7,416.37,20,2331.672,May,5
2023-05-17 09:48:41.843687,Furniture,West,23,261.52,20,4811.968,May,5
2023-05-18 03:19:07.094188,Electronics,North,7,368.32,15,2191.504,May,5
2023-05-18 20:49:32.344689,Sports,East,49,261.52,20,10251.584,May,5
2023-05-18 20:49:32.344689,Clothing,North,25,489.53,0,12238.25,May,5
2023-05-18 20:49:32.344689,Furniture,South,17,492.33,20,6695.688000000001,May,5
2023-05-19 14:19:57.595190,Sports,West,17,333.8,20,4539.68,May,5
2023-05-19 14:19:57.595190,Furniture,North,33,414.35,5,12989.872500000001,May,5
2023-05-20 07:50:22.845691,Groceries,East,5,18.75,20,75.0,May,5
2023-05-20 07:50:22.845691,Sports,East,20,274.47,15,4665.990000000001,May,5
2023-05-21 18:51:13.346693,Clothing,South,38,195.45,15,6313.034999999999,May,5
2023-05-22 12:21:38.597194,Clothing,West,14,242.69,5,3227.7769999999996,May,5
2023-05-24 16:52:54.348697,Electronics,East,30,415.15,15,10586.324999999999,May,5
2023-05-24 16:52:54.348697,Clothing,West,49,266.31,20,10439.352,May,5
2023-05-24 16:52:54.348697,Sports,South,13,375.97,0,4887.610000000001,May,5
2023-05-25 10:23:19.599198,Clothing,West,25,267.98,5,6364.525,May,5
2023-05-26 21:24:10.100200,Sports,East,19,192.7,0,3661.2999999999997,May,5
2023-05-26 21:24:10.100200,Groceries,South,23,361.64,20,6654.1759999999995,May,5
2023-05-27 14:54:35.350701,Clothing,South,2,29.97,20,47.952,May,5
2023-05-28 08:25:00.601202,Clothing,West,8,449.39,10,3235.608,May,5
2023-05-30 12:56:16.352705,Clothing,West,22,476.26,0,10477.72,May,5
2023-05-31 06:26:41.603206,Electronics,West,47,133.74,5,5971.491,May,5
2023-05-31 23:57:06.853707,Electronics,South,35,89.22,10,2810.43,May,5
2023-05-31 23:57:06.853707,Sports,East,45,365.01,10,14782.905,May,5
2023-05-31 23:57:06.853707,Groceries,North,43,228.71,0,9834.53,May,5
2023-06-04 15:29:13.106212,Clothing,South,40,31.39,15,1067.26,Jun,6
2023-06-05 08:59:38.356713,Electronics,West,31,205.53,20,5097.144,Jun,6
2023-06-06 02:30:03.607214,Clothing,East,48,226.73,15,9250.583999999999,Jun,6
2023-06-06 02:30:03.607214,Electronics,North,11,240.39,20,2115.4320000000002,Jun,6
2023-06-06 20:00:28.857715,Sports,West,12,293.91,15,2997.882,Jun,6
2023-06-07 13:30:54.108216,Furniture,South,36,207.6,5,7099.919999999999,Jun,6
2023-06-08 07:01:19.358717,Electronics,West,24,203.24,20,3902.2080000000005,Jun,6
2023-06-08 07:01:19.358717,Electronics,West,21,302.76,20,5086.368,Jun,6
2023-06-08 07:01:19.358717,Electronics,West,12,229.9,10,2482.92,Jun,6
2023-06-09 18:02:09.859719,Sports,West,9,382.08,15,2922.912,Jun,6
2023-06-09 18:02:09.859719,Clothing,North,27,363.5,10,8833.050000000001,Jun,6
2023-06-11 05:03:00.360721,Groceries,North,9,70.26,10,569.106,Jun,6
2023-06-11 22:33:25.611222,Groceries,West,4,146.1,15,496.73999999999995,Jun,6
2023-06-12 16:03:50.861723,Sports,East,4,425.11,15,1445.374,Jun,6
2023-06-13 09:34:16.112224,Furniture,East,12,457.98,0,5495.76,Jun,6
2023-06-13 09:34:16.112224,Groceries,North,13,193.41,5,2388.6135,Jun,6
2023-06-13 09:34:16.112224,Sports,East,35,165.87,20,4644.36,Jun,6
2023-06-14 03:04:41.362725,Sports,South,19,179.7,15,2902.1549999999997,Jun,6
2023-06-14 20:35:06.613226,Electronics,South,33,338.11,10,10041.867000000002,Jun,6
2023-06-14 20:35:06.613226,Furniture,North,37,303.37,15,9540.9865,Jun,6
2023-06-17 01:06:22.364729,Groceries,East,31,258.35,10,7207.965,Jun,6
2023-06-17 18:36:47.615230,Groceries,North,22,433.47,20,7629.072,Jun,6
2023-06-17 18:36:47.615230,Sports,East,23,323.6,15,6326.38,Jun,6
2023-06-17 18:36:47.615230,Electronics,North,22,334.2,0,7352.4,Jun,6
2023-06-17 18:36:47.615230,Groceries,North,30,390.24,10,10536.480000000001,Jun,6
2023-06-19 05:37:38.116232,Electronics,East,5,302.55,5,1437.1125,Jun,6
2023-06-19 05:37:38.116232,Clothing,North,30,451.67,10,12195.09,Jun,6
2023-06-19 05:37:38.116232,Electronics,West,26,261.52,10,6119.567999999999,Jun,6
2023-06-19 05:37:38.116232,Electronics,South,35,460.15,5,15299.9875,Jun,6
2023-06-19 23:08:03.366733,Groceries,West,46,496.74,5,21707.538,Jun,6
2023-06-21 10:08:53.867735,Clothing,North,22,303.18,20,5335.968000000001,Jun,6
2023-06-22 03:39:19.118236,Furniture,West,34,20.22,15,584.358,Jun,6
2023-06-22 03:39:19.118236,Groceries,East,29,120.1,0,3482.8999999999996,Jun,6
2023-06-22 21:09:44.368737,Groceries,North,41,396.07,15,13803.039499999999,Jun,6
2023-06-24 08:10:34.869739,Sports,North,5,270.81,20,1083.24,Jun,6
2023-06-25 01:41:00.120240,Furniture,East,7,283.49,10,1785.987,Jun,6
2023-06-25 19:11:25.370741,Electronics,West,18,471.21,20,6785.423999999999,Jun,6
2023-06-26 12:41:50.621242,Sports,South,17,18.52,15,267.614,Jun,6
2023-06-27 06:12:15.871743,Furniture,East,39,331.92,10,11650.392000000002,Jun,6
2023-06-29 10:43:31.623246,Electronics,North,25,265.4,15,5639.749999999999,Jun,6
2023-07-03 02:15:37.875751,Sports,East,36,374.7,15,11465.819999999998,Jul,7
2023-07-03 02:15:37.875751,Electronics,North,47,118.07,20,4439.432,Jul,7
2023-07-03 02:15:37.875751,Sports,South,18,100.45,20,1446.4800000000002,Jul,7
2023-07-03 02:15:37.875751,Electronics,North,5,217.73,5,1034.2174999999997,Jul,7
2023-07-03 19:46:03.126252,Furniture,North,35,10.6,5,352.45,Jul,7
2023-07-03 19:46:03.126252,Clothing,East,6,336.49,15,1716.099,Jul,7
2023-07-04 13:16:28.376753,Groceries,West,28,417.61,10,10523.772,Jul,7
2023-07-04 13:16:28.376753,Sports,South,18,322.6,5,5516.46,Jul,7
2023-07-05 06:46:53.627254,Clothing,West,46,196.24,0,9027.04,Jul,7
2023-07-05 06:46:53.627254,Groceries,North,15,338.0,10,4563.0,Jul,7
2023-07-06 00:17:18.877755,Groceries,West,23,49.18,20,904.9120000000001,Jul,7
2023-07-06 17:47:44.128256,Electronics,South,18,226.59,20,3262.896,Jul,7
2023-07-07 11:18:09.378757,Electronics,North,42,88.03,15,3142.6710000000003,Jul,7
2023-07-08 04:48:34.629258,Sports,West,42,431.11,5,17201.288999999997,Jul,7
2023-07-08 04:48:34.629258,Furniture,South,42,304.3,15,10863.51,Jul,7
2023-07-08 22:18:59.879759,Furniture,East,7,393.88,0,2757.16,Jul,7
2023-07-09 15:49:25.130260,Clothing,West,44,419.64,15,15694.536,Jul,7
2023-07-11 02:50:15.631262,Groceries,South,25,83.35,15,1771.1875,Jul,7
2023-07-11 20:20:40.881763,Sports,South,12,412.51,5,4702.614,Jul,7
2023-07-11 20:20:40.881763,Groceries,West,35,261.52,15,7780.219999999998,Jul,7
2023-07-12 13:51:06.132264,Clothing,East,21,45.48,5,907.3259999999999,Jul,7
2023-07-14 00:51:56.633266,Sports,East,29,453.89,15,11188.3885,Jul,7
2023-07-14 18:22:21.883767,Sports,East,49,170.91,10,7537.131,Jul,7
2023-07-14 18:22:21.883767,Sports,West,44,212.39,10,8410.644,Jul,7
2023-07-16 05:23:12.384769,Clothing,South,36,365.17,10,11831.508000000002,Jul,7
2023-07-16 22:53:37.635270,Clothing,West,18,435.35,10,7052.67,Jul,7
2023-07-16 22:53:37.635270,Sports,East,17,222.29,5,3589.9835,Jul,7
2023-07-16 22:53:37.635270,Clothing,East,21,244.85,10,4627.665,Jul,7
2023-07-19 03:24:53.386773,Clothing,South,34,19.0,5,613.6999999999999,Jul,7
2023-07-21 07:56:09.138276,Electronics,East,30,210.64,0,6319.2,Jul,7
2023-07-21 07:56:09.138276,Clothing,South,30,127.14,20,3051.36,Jul,7
2023-07-21 07:56:09.138276,Clothing,East,38,154.14,5,5564.454,Jul,7
2023-07-23 12:27:24.889779,Sports,North,14,467.04,15,5557.776,Jul,7
2023-07-23 12:27:24.889779,Furniture,West,43,244.8,20,8421.12,Jul,7
2023-07-23 12:27:24.889779,Electronics,West,15,199.37,15,2541.9675,Jul,7
2023-07-23 12:27:24.889779,Clothing,South,5,251.71,10,1132.695,Jul,7
2023-07-24 05:57:50.140280,Clothing,East,34,468.86,10,14347.116,Jul,7
2023-07-25 16:58:40.641282,Sports,East,16,417.13,15,5672.968,Jul,7
2023-07-25 16:58:40.641282,Groceries,North,48,177.42,5,8090.352,Jul,7
2023-07-25 16:58:40.641282,Electronics,North,45,298.06,20,10730.160000000002,Jul,7
2023-07-26 10:29:05.891783,Groceries,West,41,147.05,10,5426.145,Jul,7
2023-07-26 10:29:05.891783,Groceries,East,37,75.03,10,2498.4990000000003,Jul,7
2023-07-26 10:29:05.891783,Clothing,East,31,486.82,5,14336.849,Jul,7
2023-07-27 21:29:56.392785,Sports,East,7,259.76,15,1545.572,Jul,7
2023-07-27 21:29:56.392785,Clothing,South,44,102.29,15,3825.646,Jul,7
2023-07-29 08:30:46.893787,Clothing,West,29,103.97,0,3015.13,Jul,7
2023-07-30 02:01:12.144288,Clothing,North,32,261.52,5,7950.207999999999,Jul,7
2023-07-30 02:01:12.144288,Clothing,South,3,198.09,20,475.416,Jul,7
2023-08-02 00:02:53.146292,Electronics,East,16,334.68,20,4283.904,Aug,8
2023-08-02 17:33:18.396793,Clothing,West,12,232.31,15,2369.5620000000004,Aug,8
2023-08-02 17:33:18.396793,Furniture,West,10,106.61,15,906.185,Aug,8
2023-08-03 11:03:43.647294,Furniture,East,3,318.8,15,812.94,Aug,8
2023-08-04 04:34:08.897795,Furniture,North,39,222.49,5,8243.254500000001,Aug,8
2023-08-05 15:34:59.398797,Clothing,North,15,406.67,15,5185.0425000000005,Aug,8
2023-08-07 20:06:15.150300,Groceries,North,43,261.52,5,10683.091999999999,Aug,8
2023-08-08 13:36:40.400801,Furniture,West,12,163.73,15,1670.0459999999998,Aug,8
2023-08-10 00:37:30.901803,Clothing,South,29,328.64,20,7624.448,Aug,8
2023-08-10 00:37:30.901803,Sports,East,26,111.03,15,2453.763,Aug,8
2023-08-10 00:37:30.901803,Clothing,East,37,287.62,0,10641.94,Aug,8
2023-08-10 00:37:30.901803,Sports,East,39,217.12,0,8467.68,Aug,8
2023-08-10 00:37:30.901803,Sports,East,40,228.44,5,8680.72,Aug,8
2023-08-12 05:08:46.653306,Furniture,East,39,434.55,20,13557.960000000001,Aug,8
2023-08-12 05:08:46.653306,Groceries,West,46,364.9,5,15946.129999999997,Aug,8
2023-08-12 22:39:11.903807,Clothing,South,9,65.03,15,497.4795,Aug,8
2023-08-13 16:09:37.154308,Furniture,North,11,276.18,20,2430.384,Aug,8
2023-08-14 09:40:02.404809,Clothing,West,10,310.01,0,3100.1,Aug,8
2023-08-14 09:40:02.404809,Clothing,West,7,187.84,5,1249.136,Aug,8
2023-08-17 07:41:43.406813,Clothing,North,34,100.87,20,2743.664,Aug,8
2023-08-18 01:12:08.657314,Groceries,West,44,63.46,20,2233.7920000000004,Aug,8
2023-08-18 18:42:33.907815,Furniture,West,11,179.55,20,1580.0400000000002,Aug,8
2023-08-19 12:12:59.158316,Furniture,East,30,291.55,5,8309.175,Aug,8
2023-08-20 05:43:24.408817,Sports,West,20,435.76,15,7407.92,Aug,8
2023-08-20 05:43:24.408817,Furniture,South,32,88.05,5,2676.72,Aug,8
2023-08-21 16:44:14.909819,Clothing,East,9,380.96,20,2742.9120000000003,Aug,8
2023-08-23 21:15:30.661322,Sports,West,13,18.67,15,206.3035,Aug,8
2023-08-23 21:15:30.661322,Groceries,East,26,261.52,10,6119.567999999999,Aug,8
2023-08-24 14:45:55.911823,Groceries,East,7,412.97,10,2601.7110000000002,Aug,8
2023-08-25 08:16:21.162324,Clothing,North,34,105.33,5,3402.1589999999997,Aug,8
2023-08-26 01:46:46.412825,Electronics,East,35,413.36,10,13020.84,Aug,8
2023-08-26 19:17:11.663326,Sports,East,42,245.15,10,9266.670000000002,Aug,8
2023-08-26 19:17:11.663326,Clothing,East,26,386.18,0,10040.68,Aug,8
2023-08-27 12:47:36.913827,Clothing,North,37,261.18,0,9663.66,Aug,8
2023-08-28 06:18:02.164328,Clothing,West,29,60.37,15,1488.1205,Aug,8
2023-08-29 17:18:52.665330,Groceries,South,19,162.86,0,3094.34,Aug,8
2023-08-29 17:18:52.665330,Electronics,East,15,86.52,5,1232.9099999999999,Aug,8
2023-09-03 19:51:49.418837,Groceries,South,47,330.1,10,13963.230000000001,Sep,9
2023-09-03 19:51:49.418837,Clothing,East,41,326.84,0,13400.439999999999,Sep,9
2023-09-03 19:51:49.418837,Clothing,South,27,35.65,20,770.04,Sep,9
2023-09-05 06:52:39.919839,Sports,South,40,226.78,0,9071.2,Sep,9
2023-09-05 06:52:39.919839,Electronics,South,38,414.01,0,15732.38,Sep,9
2023-09-05 06:52:39.919839,Clothing,West,23,89.57,0,2060.1099999999997,Sep,9
2023-09-06 17:53:30.420841,Electronics,South,32,247.45,10,7126.5599999999995,Sep,9
2023-09-07 11:23:55.671342,Groceries,South,49,275.76,0,13512.24,Sep,9
2023-09-08 04:54:20.921843,Furniture,West,9,276.22,15,2113.0830000000005,Sep,9
2023-09-08 04:54:20.921843,Furniture,South,2,109.81,20,175.69600000000003,Sep,9
2023-09-08 22:24:46.172344,Electronics,North,9,370.32,10,2999.592,Sep,9
2023-09-08 22:24:46.172344,Groceries,South,44,307.58,0,13533.519999999999,Sep,9
2023-09-09 15:55:11.422845,Clothing,South,42,261.52,20,8787.072,Sep,9
2023-09-09 15:55:11.422845,Clothing,South,32,459.7,0,14710.4,Sep,9
2023-09-09 15:55:11.422845,Furniture,East,34,125.27,0,4259.18,Sep,9
2023-09-09 15:55:11.422845,Groceries,East,10,195.89,20,1567.12,Sep,9
2023-09-11 02:56:01.923847,Sports,North,4,482.04,5,1831.752,Sep,9
2023-09-11 20:26:27.174348,Groceries,West,45,343.26,20,12357.36,Sep,9
2023-09-11 20:26:27.174348,Clothing,North,48,74.35,0,3568.7999999999997,Sep,9
2023-09-11 20:26:27.174348,Furniture,South,49,261.52,10,11533.032,Sep,9
2023-09-11 20:26:27.174348,Electronics,East,47,261.52,5,11676.867999999999,Sep,9
2023-09-13 07:27:17.675350,Furniture,North,26,300.71,0,7818.459999999999,Sep,9
2023-09-14 00:57:42.925851,Clothing,South,47,193.02,15,7711.149,Sep,9
2023-09-14 00:57:42.925851,Electronics,South,21,228.72,15,4082.6519999999996,Sep,9
2023-09-19 03:30:39.679358,Electronics,North,34,471.03,20,12812.016,Sep,9
2023-09-19 03:30:39.679358,Electronics,South,41,230.22,15,8023.167,Sep,9
2023-09-19 21:01:04.929859,Sports,South,8,162.95,0,1303.6,Sep,9
2023-09-19 21:01:04.929859,Furniture,South,41,305.25,10,11263.725,Sep,9
2023-09-19 21:01:04.929859,Clothing,North,1,435.38,15,370.073,Sep,9
2023-09-19 21:01:04.929859,Sports,West,6,312.14,15,1591.914,Sep,9
2023-09-19 21:01:04.929859,Electronics,East,3,95.64,15,243.882,Sep,9
2023-09-22 19:02:45.931863,Sports,East,45,487.6,0,21942.0,Sep,9
2023-09-23 12:33:11.182364,Furniture,South,34,88.06,10,2694.636,Sep,9
2023-09-24 06:03:36.432865,Clothing,West,36,103.26,5,3531.4919999999997,Sep,9
2023-09-24 23:34:01.683366,Groceries,North,32,471.77,20,12077.312,Sep,9
2023-09-24 23:34:01.683366,Furniture,North,24,172.83,10,3733.128,Sep,9
2023-09-24 23:34:01.683366,Sports,South,17,167.83,0,2853.11,Sep,9
2023-09-26 10:34:52.184368,Groceries,East,8,97.44,20,623.616,Sep,9
2023-09-27 21:35:42.685370,Clothing,West,13,129.39,5,1597.9664999999995,Sep,9
2023-09-28 15:06:07.935871,Clothing,West,26,91.5,5,2260.0499999999997,Sep,9
2023-09-29 08:36:33.186372,Groceries,West,17,168.04,5,2713.8459999999995,Sep,9
2023-09-29 08:36:33.186372,Sports,West,18,375.46,15,5744.538,Sep,9
2023-09-30 02:06:58.436873,Sports,East,16,328.75,15,4471.0,Sep,9
2023-09-30 19:37:23.687374,Groceries,East,27,55.54,20,1199.664,Sep,9
2023-10-02 06:38:14.188376,Clothing,East,33,129.63,0,4277.79,Oct,10
2023-10-03 17:39:04.689378,Clothing,North,37,238.25,20,7052.200000000001,Oct,10
2023-10-04 11:09:29.939879,Electronics,North,22,119.57,20,2104.4320000000002,Oct,10
2023-10-04 11:09:29.939879,Electronics,South,7,184.8,15,1099.5600000000002,Oct,10
2023-10-04 11:09:29.939879,Sports,South,19,109.75,5,1980.9875,Oct,10
2023-10-07 09:11:10.941883,Furniture,West,18,10.61,5,181.43099999999998,Oct,10
2023-10-07 09:11:10.941883,Furniture,North,42,233.86,0,9822.12,Oct,10
2023-10-08 02:41:36.192384,Clothing,North,18,18.58,20,267.55199999999996,Oct,10
2023-10-08 02:41:36.192384,Groceries,South,37,261.52,10,8708.616,Oct,10
2023-10-08 02:41:36.192384,Sports,South,48,122.82,10,5305.824,Oct,10
2023-10-08 20:12:01.442885,Clothing,South,20,269.87,20,4317.92,Oct,10
2023-10-08 20:12:01.442885,Clothing,North,41,50.43,20,1654.1040000000003,Oct,10
2023-10-08 20:12:01.442885,Electronics,East,45,308.82,15,11812.365,Oct,10
2023-10-09 13:42:26.693386,Furniture,West,14,286.09,10,3604.734,Oct,10
2023-10-10 07:12:51.943887,Furniture,North,27,310.34,20,6703.343999999999,Oct,10
2023-10-10 07:12:51.943887,Sports,South,23,246.35,10,5099.445000000001,Oct,10
2023-10-10 07:12:51.943887,Furniture,North,7,493.48,0,3454.36,Oct,10
2023-10-11 18:13:42.444889,Electronics,South,34,468.25,10,14328.45,Oct,10
2023-10-13 05:14:32.945891,Electronics,West,25,496.15,15,10543.1875,Oct,10
2023-10-13 05:14:32.945891,Clothing,East,36,157.42,5,5383.763999999999,Oct,10
2023-10-13 22:44:58.196392,Furniture,South,26,474.81,20,9876.048,Oct,10
2023-10-15 09:45:48.697394,Furniture,South,6,465.51,0,2793.06,Oct,10
2023-10-17 14:17:04.448897,Electronics,North,26,81.42,0,2116.92,Oct,10
2023-10-17 14:17:04.448897,Groceries,South,43,93.53,10,3619.611,Oct,10
2023-10-19 18:48:20.200400,Sports,West,45,330.8,20,11908.800000000001,Oct,10
2023-10-19 18:48:20.200400,Electronics,South,13,197.44,20,2053.3759999999997,Oct,10
2023-10-20 12:18:45.450901,Furniture,North,26,280.97,10,6574.698000000001,Oct,10
2023-10-20 12:18:45.450901,Groceries,North,25,123.11,0,3077.75,Oct,10
2023-10-21 05:49:10.701402,Sports,North,3,100.76,15,256.93800000000005,Oct,10
2023-10-21 05:49:10.701402,Groceries,South,37,63.37,15,1992.9865,Oct,10
2023-10-21 23:19:35.951903,Sports,East,31,412.69,0,12793.39,Oct,10
2023-10-21 23:19:35.951903,Electronics,West,29,177.13,20,4109.416,Oct,10
2023-10-24 03:50:51.703406,Electronics,West,49,261.52,5,12173.756,Oct,10
2023-10-24 03:50:51.703406,Sports,North,8,35.33,20,226.112,Oct,10
2023-10-24 21:21:16.953907,Clothing,North,27,388.59,20,8393.544,Oct,10
2023-10-26 08:22:07.454909,Groceries,West,33,49.95,10,1483.515,Oct,10
2023-10-27 01:52:32.705410,Furniture,North,13,292.82,5,3616.3269999999998,Oct,10
2023-10-29 06:23:48.456913,Furniture,South,23,85.29,10,1765.5030000000002,Oct,10
2023-10-29 23:54:13.707414,Sports,South,42,261.52,15,9336.264,Oct,10
2023-10-30 17:24:38.957915,Groceries,North,34,360.59,15,10421.051,Oct,10
2023-10-30 17:24:38.957915,Clothing,East,15,244.33,15,3115.2075,Oct,10
2023-10-31 10:55:04.208416,Sports,North,14,322.61,10,4064.886,Oct,10
2023-11-01 04:25:29.458917,Groceries,West,49,43.88,15,1827.6020000000003,Nov,11
2023-11-01 21:55:54.709418,Sports,South,35,185.98,5,6183.834999999999,Nov,11
2023-11-02 15:26:19.959919,Furniture,East,24,189.81,10,4099.896000000001,Nov,11
2023-11-02 15:26:19.959919,Groceries,East,24,398.77,20,7656.384,Nov,11
2023-11-02 15:26:19.959919,Sports,East,27,449.15,5,11520.697499999998,Nov,11
2023-11-04 02:27:10.460921,Electronics,East,19,178.34,5,3219.037,Nov,11
2023-11-05 13:28:00.961923,Sports,North,37,262.44,0,9710.28,Nov,11
2023-11-08 11:29:41.963927,Sports,North,38,261.52,0,9937.759999999998,Nov,11
2023-11-10 16:00:57.715430,Electronics,East,6,126.14,5,718.998,Nov,11
2023-11-10 16:00:57.715430,Groceries,East,23,30.18,15,590.019,Nov,11
2023-11-10 16:00:57.715430,Furniture,North,11,113.76,15,1063.6560000000002,Nov,11
2023-11-12 20:32:13.466933,Groceries,North,34,158.01,15,4566.489,Nov,11
2023-11-14 07:33:03.967935,Groceries,West,31,122.73,10,3424.1670000000004,Nov,11
2023-11-15 18:33:54.468937,Electronics,South,45,67.65,20,2435.4000000000005,Nov,11
2023-11-16 12:04:19.719438,Furniture,West,4,221.12,15,751.808,Nov,11
2023-11-17 05:34:44.969939,Sports,East,37,277.39,15,8723.9155,Nov,11
2023-11-17 23:05:10.220440,Electronics,East,3,282.75,15,721.0124999999999,Nov,11
2023-11-17 23:05:10.220440,Sports,West,34,270.8,20,7365.760000000001,Nov,11
2023-11-18 16:35:35.470941,Electronics,South,1,155.47,5,147.6965,Nov,11
2023-11-19 10:06:00.721442,Sports,East,17,154.69,20,2103.784,Nov,11
2023-11-19 10:06:00.721442,Sports,South,32,261.52,5,7950.207999999999,Nov,11
2023-11-20 03:36:25.971943,Electronics,West,37,400.43,20,11852.728000000001,Nov,11
2023-11-20 03:36:25.971943,Electronics,East,37,488.96,0,18091.52,Nov,11
2023-11-20 21:06:51.222444,Clothing,West,45,173.45,0,7805.249999999999,Nov,11
2023-11-21 14:37:16.472945,Furniture,East,39,368.11,15,12202.8465,Nov,11
2023-11-21 14:37:16.472945,Sports,South,14,83.29,20,932.8480000000002,Nov,11
2023-11-21 14:37:16.472945,Groceries,East,40,343.42,0,13736.800000000001,Nov,11
2023-11-21 14:37:16.472945,Sports,South,43,90.36,20,3108.384,Nov,11
2023-11-21 14:37:16.472945,Sports,North,45,433.66,10,17563.23,Nov,11
2023-11-23 01:38:06.973947,Sports,West,34,437.93,0,14889.62,Nov,11
2023-11-23 19:08:32.224448,Groceries,North,23,298.32,0,6861.36,Nov,11
2023-11-25 06:09:22.725450,Groceries,North,35,218.02,20,6104.560000000001,Nov,11
2023-11-26 17:10:13.226452,Clothing,East,15,395.28,15,5039.82,Nov,11
2023-11-26 17:10:13.226452,Clothing,South,37,319.69,10,10645.677000000001,Nov,11
2023-11-28 04:11:03.727454,Sports,South,25,108.42,0,2710.5,Nov,11
2023-11-28 21:41:28.977955,Clothing,North,6,206.58,20,991.5840000000001,Nov,11
2023-11-28 21:41:28.977955,Groceries,East,11,311.71,10,3085.929,Nov,11
2023-11-28 21:41:28.977955,Sports,South,13,336.82,15,3721.861,Nov,11
2023-12-01 02:12:44.729458,Clothing,South,36,261.52,20,7531.776,Dec,12
2023-12-01 19:43:09.979959,Clothing,South,9,484.08,20,3485.376,Dec,12
2023-12-01 19:43:09.979959,Clothing,North,2,371.22,5,705.318,Dec,12
2023-12-02 13:13:35.230460,Furniture,West,17,271.42,10,4152.726000000001,Dec,12
2023-12-02 13:13:35.230460,Sports,South,2,399.8,20,639.6800000000001,Dec,12
2023-12-03 06:44:00.480961,Clothing,West,40,171.22,0,6848.8,Dec,12
2023-12-03 06:44:00.480961,Sports,East,8,124.99,20,799.936,Dec,12
2023-12-04 00:14:25.731462,Groceries,West,29,151.46,0,4392.34,Dec,12
2023-12-04 17:44:50.981963,Sports,North,20,266.02,5,5054.379999999999,Dec,12
2023-12-04 17:44:50.981963,Furniture,South,32,299.23,20,7660.2880000000005,Dec,12
2023-12-06 22:16:06.733466,Clothing,West,19,382.45,15,6176.5675,Dec,12
2023-12-08 09:16:57.234468,Sports,North,47,69.66,15,2782.917,Dec,12
2023-12-09 02:47:22.484969,Sports,West,46,339.06,10,14037.084,Dec,12
2023-12-09 02:47:22.484969,Furniture,East,3,338.35,10,913.5450000000001,Dec,12
2023-12-09 20:17:47.735470,Groceries,East,32,257.99,5,7842.896,Dec,12
2023-12-10 13:48:12.985971,Clothing,South,1,261.52,5,248.44399999999996,Dec,12
2023-12-10 13:48:12.985971,Furniture,North,10,224.7,20,1797.6000000000001,Dec,12
2023-12-11 07:18:38.236472,Groceries,North,25,135.27,0,3381.7500000000005,Dec,12
2023-12-11 07:18:38.236472,Sports,North,41,323.68,20,10616.704000000002,Dec,12
2023-12-11 07:18:38.236472,Clothing,South,29,135.1,15,3330.2149999999997,Dec,12
2023-12-12 18:19:28.737474,Sports,South,17,283.62,20,3857.232,Dec,12
2023-12-12 18:19:28.737474,Groceries,South,21,430.41,10,8134.749000000001,Dec,12
2023-12-13 11:49:53.987975,Furniture,West,46,329.24,20,12116.032000000001,Dec,12
2023-12-13 11:49:53.987975,Clothing,North,9,387.27,0,3485.43,Dec,12
2023-12-14 05:20:19.238476,Clothing,North,45,247.36,15,9461.52,Dec,12
2023-12-14 05:20:19.238476,Clothing,East,12,113.87,0,1366.44,Dec,12
2023-12-14 22:50:44.488977,Electronics,West,9,339.0,5,2898.45,Dec,12
2023-12-17 03:22:00.240480,Furniture,West,29,165.59,0,4802.11,Dec,12
2023-12-17 03:22:00.240480,Sports,North,28,89.26,5,2374.3160000000003,Dec,12
2023-12-19 07:53:15.991983,Furniture,West,1,224.92,0,224.92,Dec,12
2023-12-19 07:53:15.991983,Electronics,East,23,53.5,20,984.4000000000001,Dec,12
2023-12-20 01:23:41.242484,Clothing,North,48,123.25,10,5324.400000000001,Dec,12
2023-12-20 01:23:41.242484,Furniture,West,24,476.22,5,10857.816,Dec,12
2023-12-20 01:23:41.242484,Electronics,East,43,454.83,20,15646.152,Dec,12
2023-12-22 23:25:22.244488,Groceries,East,4,11.27,5,42.82599999999999,Dec,12
2023-12-23 16:55:47.494989,Clothing,West,29,439.29,0,12739.41,Dec,12
2023-12-23 16:55:47.494989,Clothing,East,44,125.54,5,5247.572,Dec,12
2023-12-25 03:56:37.995991,Sports,East,40,298.15,0,11926.0,Dec,12
2023-12-25 03:56:37.995991,Groceries,West,3,54.67,10,147.609,Dec,12
2023-12-25 21:27:03.246492,Groceries,West,35,421.82,15,12549.144999999999,Dec,12
2023-12-28 19:28:44.248496,Clothing,East,29,244.88,15,6036.2919999999995,Dec,12
2023-12-28 19:28:44.248496,Electronics,North,5,194.08,15,824.84,Dec,12
2023-12-30 06:29:34.749499,Clothing,North,40,398.55,20,12753.6,Dec,12
2023-12-31 00:00:00.000000,Sports,North,15,241.72,15,3081.9300000000003,Dec,12
